,,,,,,,,,
PHỤ LỤC 1,,,,,,,,,
"KẾT QUẢ, TIẾN ĐỘ THỰC HIỆN CÁC NHIỆM VỤ TRỌNG TÂM VÀ NHIỆM VỤ CẤP CÓ THẨM QUYỀN GIAO",,,,,,,,,
STT,MÃ ĐƠN VỊ,TÊN NHIỆM VỤ,"PHƯƠNG ÁN XỬ LÝ (hoặc Mô tả kết quả, sản phẩm đầu ra)",THỜI HẠN XỬ LÝ,Lãnh đạo phụ trách,Trạng thái,Văn bản giao nhiệm vụ,"TIẾN ĐỘ, KẾT QUẢ THỰC HIỆN (SẢN PHẨM ĐÀU RA)",GHI CHÚ
1,CQ,Nghị quyết số 153/2010/NQ-HĐND ngày 16/7/2010 của HĐND tỉnh Phú Yên về chính sách thu hút trí trức trẻ về công tác ở cấp xã.,Bãi bỏ,Tháng 9/2026,Lê Xuân Chiến,Đang thực hiện,,Đã trình UBND tỉnh hồ sơ dự thảo Nghị quyết bãi bỏ Nghị quyết số 153/2010/NQ-HĐND (Tờ trình số 944/TTr-SNV ngày 28/8/2026). Đã lấy ý kiến thành viên UBND tỉnh.,Trễ hạn
2,TC,Quyết định số 03/2012/QĐ-UBND ngày 09/02/2012 của UBND tỉnh Phú Yên về chế độ thù lao đối với người đã nghỉ hưu giữ chức danh lãnh đạo chuyên trách tại các hội có tính chất đặc thù hoạt động trên địa bàn tỉnh Phú Yên,"Ban hành văn bản mới, bãi bỏ Quyết định này",15/12/2026,Đặng Xuân Hiệp,Trễ hạn,,"Chưa thống nhất về thẩm quyền ban hành văn bản thay thế. Sở Nội vụ đang phối hợp VP UBND tỉnh để đăng ký làm việc với HĐND để thống nhất về thẩm quyền ban hành văn bản thay thế. Đồng thời, Sở Nội vụ đã xin ý kiến UBND tỉnh về gia hạn thời gian xử lý đến quý IV/2026 (tại Công văn số 4992/SNV-TCBC ngày 04/8/2026)",Đang thục hiện
3,VL,"Quyết định số 41/2024/QĐ-UBND ngày 20/8/2024 của UBND tỉnh Phú Yên quy định hệ số điều chỉnh tăng thêm tiền lương để làm cơ sở xác định chi phí tiền lương, chi phí nhân công trong giá, đơn giá sản phẩm, dịch vụ công sử dụng kinh phí ngân sách nhà nước do doanh nghiệp thực hiện trên địa bàn tỉnh Phú Yên",Thay thế,Tháng 9/2026,Hồ Kim Phát,Đang thực hiện,,Đã đề nghị Sở Tư pháp thẩm định dự thảo Quyết định tại Công văn số 5839/SNV-LĐVL ngày 04/9/2026,Trễ hạn
4,CC,"Nghị quyết số 05/2023/NQ-HĐND ngày 20/4/2023 của Hội đồng nhân dân tỉnh Đắk Lắk quy định chính sách đối với cán bộ, công chức, viên chức luân chuyển thuộc tỉnh Đắk Lắk",Bãi bỏ,Tháng 9/2026,Trịnh Thị Huỳnh Hân,Đang thực hiện,,Đã trình UBND tỉnh đề nghị xây dựng văn bản thay thế theo trình tự rút gọn (Tờ trình số 891/TTr-SNV ngày 19/08/2026),Trễ hạn
5,HC,"Quyết định 40/2020/QĐ-UBND ngày 18/12/2020 của Ủy ban nhân dân tỉnh Đắk Lắk ban hành Quy định trách nhiệm người đứng đầu cơ quan, đơn vị Nhà nước về thực hiện cải cách hành chính trên địa bàn tỉnh",Thay thế,Tháng 9/2026,Nguyễn Thị Ánh Mỹ,Đang thực hiện,,"Sở Nội vụ ban hành Công văn số 5849/SNV-CCHCVVTLT - 04/09/2026] V/v lấy ý kiến góp ý và phản biện xã hội đối với dự thảo Quyết định ban hành Quy định trách nhiệm người đứng đầu cơ quan, đơn vị, địa phương trong thực hiện cải cách hành chính nhà nước, phát triển khoa học, công nghệ, đổi mới sáng tạo và chuyển đổi số trên địa bàn tỉnh Đắk Lắk. Hiện nay đang tổng hợp ý kiến gửi Sở Tư pháp thẩm định.",Trễ hạn
6,CC,Quyết định số 01/2025/QĐ-UBND ngày 06/01/2025 của UBND tỉnh Đắk Lắk ban hành Quy định tiêu chuẩn chức danh viên chức quản lý trong đơn vị sự nghiệp công lập thuộc tỉnh Đắk Lắk,Thay thế,Tháng 11/2026,Trịnh Thị Huỳnh Hân,Đang thực hiện,,"Đang tiến hành xây dựng dự thảo văn bản chi tiết (Danh mục tại Quyết định số 2652/QĐ-UBND ngày 22/08/2026 của Ủy ban
 nhân dân tỉnh)",đang thục hiện
7,HC,"Quy định rõ trách nhiệm cá nhân của người đứng đầu trong lãnh đạo, chỉ đạo và tổ chức thực hiện cải cách hành chính (tại KH 70/SNV-KH)",Quyết định ban hành Quy định,"Năm 2026
 (Tháng 9)",Nguyễn Thị Ánh Mỹ,Đang thực hiện,,"- Trong tháng 7/2026, rà soát các văn bản liên quan, cơ sở pháp lý đánh giá để chuẩn bị xây dựng dự thảo và thực tiễn triển khai các Quy định về đánh giá tổ chức, công chức, viên chức (đánh giá KPI theo NĐ 335 và các quy định khác); 
 - Sở Nội vụ đã lấy ý kiến góp ý và phản biện xã hội đối với dự thảo Quyết định tại Công văn số 5849/SNV-CCHC&VTLT ngày 04/9/2026. Hiện nay đang tổng hợp ý kiến gửi Sở Tư pháp thẩm định.
 '- Trong Quý III/2026, xây dựng và lấy ý kiến (Tham mưu và trình UBND tỉnh)",Trễ hạn
8,HC,"Xây dựng quy chế phối hợp các cơ quan đơn vị trong thực hiện cải cách hành chính, cơ chế phản ánh, kiểm tra giữa các cơ quan, đơn vị trong thực hiện cải cách hành chính. (tại KH 70/SNV-KH)",Quyết định ban hành Quy chế,"Năm 2026
 (Tháng 9)",Nguyễn Thị Ánh Mỹ,Đang thực hiện,,"- Trong tháng 7/2026, rà soát các văn bản liên quan, cơ sở pháp lý đánh giá để chuẩn bị xây dựng dự thảo và thực tiễn triển khai các Quy định về đánh giá tổ chức, công chức, viên chức (đánh giá KPI theo NĐ 335 và các quy định khác)
 - Sở Nội vụ đã lấy ý kiến góp ý và phản biện xã hội đối với dự thảo Quyết định tại Công văn số 5849/SNV-CCHC&VTLT ngày 04/9/2026. Hiện nay đang tổng hợp ý kiến gửi Sở Tư pháp thẩm định.
 - Trong Quý III/2026, xây dựng và lấy ý kiến
 (dự kiến tham mưu và trình UBND tỉnh trong tháng 9/2026).",Trễ hạn
9,HC,"Xây dựng Bộ chỉ số đánh giá cải cách hành chính và thực hiện đánh giá, xếp loại chất lượng hoạt động các cơ quan, đơn vị, địa phương gắn với kết quả cải cách hành chính gắn với trách nhiệm người đứng đầu và cấp phó người đứng đầu liên quan (tại KH 70/SNV-KH)",Quyết định,Năm 2026 và thực hiện hàng năm đến 2030,Nguyễn Thị Ánh Mỹ,Đang thực hiện,,"- Trong tháng 7/2026, rà soát các văn bản liên quan, cơ sở pháp lý đánh giá để chuẩn bị xây dựng dự thảo và thực tiễn triển khai các Quy định về đánh giá tổ chức, công chức, viên chức (đánh giá KPI theo NĐ 335 và các quy định khác). Hoàn thành xây dựng trong Quý III/2026, sau khi Bộ Nội vụ ban hành Bộ chỉ số năm 2026 để đảm bảo bám sát yêu cầu của Trung ương.
  Hiện đang xây dựng dự thảo Bộ chỉ số, lấy ý kiến trong tháng 7/2026. Sở Nội vụ tham mưu và trình UBND tỉnh dự thảo Quyết định trong tháng 8/2026.
 - Sở Nội vụ đã trình UBND tỉnh tại Tờ trình số 950/TTr-SNV - 03/09/2026 về việc ban hành các Quyết định của UBND tỉnh về Quy định đánh giá, xếp loại chỉ số cải cách hành chính các cơ quan, đơn vị tỉnh Đắk Lắk năm 2026 và kế hoạch khảo sát sự hài lòng của người dân đối với sự phục vụ cơ quan hành chính nhà nước năm 2026.",Trễ hạn
10,CCHC-05,"Thực hiện kiểm tra việc thực hiện công tác cải cách hành chính tại các sở, ban, ngành, UBND xã, phường, và các cơ quan, đơn vị trên địa bàn tỉnh (tại KH 70/SNV-KH)","Kế hoạch; Thông báo, Báo cáo","Năm 2026 và thực hiện hàng năm đến 2030 tối thiểu 30% cơ quan, đơn vị (Tháng 12)",Nguyễn Thị Ánh Mỹ,Đang thực hiện,,"-Sở Nội vụ ban hành Kế hoạch số 124/KH-SNV ngày 13/8/2026 về Kế hoạch kiểm tra công tác cải cách hành chính tại các cơ quan, đơn vị trên địa bàn tỉnh Đắk Lắk năm 2026, tiến hành kiểm tra thực tế tại các sở, ngành, UBND cấp xã trong tháng 9, 10/2026 (đã kiểm tra thực tế tại 04 xã);
 - Hoàn chỉnh hồ sơ kiểm tra, tổng hợp báo cáo hạn chế và kết quả khắc phục trong Quý IV/2026.",
11,HC,"Thực hiện khảo sát định kỳ, chuyên đề và đột xuất việc đo lường sự hài lòng của người dân đối với sự phục vụ của cơ quan hành chính nhà nước phục vụ công tác chỉ đạo, điều hành, nâng cao mức độ hài lòng của người dân, doanh nghiệp. (tại KH 70/SNV-KH)",Báo cáo,Năm 2026 và thực hiện hàng năm đến 2030,Nguyễn Thị Ánh Mỹ,Phòng CCHC&VTLT,,"-Tổng hợp ý kiến các cơ quan, đơn vị về dự thảo Kế hoạch khảo sát chuyên đề sau khi đánh giá các nội dung kết quả Chỉ số CCHC, SIPAS, PCI, PAPI để thực hiện có trọng tâm, hiệu quả.
 - Sở Nội vụ đã trình UBND tỉnh tại Tờ trình số 950/TTr-SNV - 03/09/2026 về việc ban hành các Quyết định của UBND tỉnh về Quy định đánh giá, xếp loại chỉ số cải cách hành chính các cơ quan, đơn vị tỉnh Đắk Lắk năm 2026 và kế hoạch khảo sát sự hài lòng của người dân đối với sự phục vụ cơ quan hành chính nhà nước năm 2026.",
12,TC,Kế hoạch tinh giản biên chế giai đoạn 2026-2031 (tại KH 70/SNV-KH),Kế hoạch,Năm 2026,Đặng Xuân Hiệp,Đang thực hiện,,Triển khai xây dựng Kế hoạch sau khi có văn bản triển của Ban Tổ chức Trung ương. Tỉnh ủy,
13,TC,"Nghị quyết Quy định chế độ thù lao đối với người đã nghỉ hưu giữ chức danh chủ tịch, phó chủ tịch chuyên trách hội do Đảng, Nhà nước giao nhiệm vụ trên địa bàn tỉnh Đắk Lắk (tại KH 70/SNV-KH)",Nghị quyết,Năm 2026,Đặng Xuân Hiệp,Đang thực hiện,,"Sở Nội vụ đã có Công văn số 4992/SNV-TCBC ngày 04/8/2026 báo cáo kết quả thực hiện và đề nghị điều chỉnh thời gian xử lý văn bản quy phạm pháp luật chịu tác động của việc sắp xếp tổ chức bộ máy và tổ chức chính quyền địa phương 02 cấp; Báo cáo số 386/BC-SNV ngày 30/07/2026 tham mưu UBND tỉnh nội dung làm việc với Thường trực HĐND tỉnh về thẩm quyền ban hành chế độ thù lao đối với người đã nghỉ hưu giữ chức danh Chủ tịch, Phó Chủ tịch chuyên trách hội do Đảng, Nhà nước giao nhiệm vụ trên địa bàn tỉnh Đắk Lắk.",
14,TC,"Quyết định của Chủ tịch UBND tỉnh giao biên chế công chức trong các cơ quan hành chính, số lượng người làm việc trong các ĐVSNCL, biên chế hội đặc thù và hợp đồng chuyên môn nghiệp vụ theo quy định trên địa bàn tỉnh năm 2026 (tại KH 70/SNV-KH)",Quyết định của Chủ tịch UBND tỉnh,Năm 2026,Đặng Xuân Hiệp,Đã hoàn thành,,"- Ngày 29/12/2025 UBND tỉnh đã ban hành Quyết định số 02532/QĐ-UBND về việc giao biên chế cán bộ, công chức trong các cơ quan hành chính, phê duyệt tổng số lượng người làm việc trong các đơn vị sự nghiệp công lập và hợp đồng thực hiện công việc chuyên môn, nghiệp vụ trong đơn vị sự nghiệp công lập tỉnh Đắk Lắk, năm 2026 và Quyết định số 02681/QĐ-UBND ngày 31/12/2025 về việc điều chỉnh, bổ sung Quyết định số 02532/QĐ-UBND ngày 29/12/2025 của UBND tỉnh.",
15,TC,"Rà soát, sắp xếp lại hệ thống các ĐVSNCL theo hướng tinh gọn, cơ cấu hợp lý và nâng cao hiệu quả hoạt động (tại KH 70/SNV-KH)","Quyết định, báo cáo, kế hoạch",Năm 2026,Đặng Xuân Hiệp,Đã hoàn thành,,"UBND tỉnh đã ban hành Kế hoạch số 0121/KH-UBND về việc sắp xếp các cơ quan hành chính, đơn vị sự nghiệp, doanh nghiệp nhà nước và đầu mối bên trong các cơ quan, tổ chức thuộc chính quyền địa phương;",
16,CC,"Xây dựng kế hoạch đào tạo, bồi dưỡng nguồn nhân lực chất lượng cao; tổ chức triển khai các chương trình đào tạo, bồi dưỡng (tại KH 70/SNV-KH)",Kế hoạch của UBND tỉnh; danh sách học viên,"Quý III/2026 
 ( Tháng 9)",Trịnh Thị Huỳnh Hân,Đang thực hiện,,"Sau khi HĐND tỉnh ban hành Nghị quyết quy định về chính sách thu hút, hỗ trợ đào tạo phát triển nguồn nhân lực chất lượng cao của tỉnh Đắk Lắk. Sở Nội vụ sẽ phối hợp với các cơ quan, đơn vị, địa phương rà soát nhu cầu và xây dựng Kế hoạch đào tạo, bồi dưỡng nguồn nhân lực chất lượng cao phù hợp với định hướng phát triển của tỉnh.",
17,CC,"Về tham mưu xây dựng và triển khai các cơ chế, chính sách thu hút, trọng dụng nhân tài, chuyên gia, nhà khoa học và nguồn nhân lực chất lượng cao đến làm việc, nghiên cứu và cống hiến tại tỉnh, đặc biệt trong các lĩnh vực KHCN, ĐMST và CĐS, quản lý kinh tế và các ngành kinh tế trọng 
 điểm (tại KH 70/SNV-KH)",Nghị quyết của HĐND tỉnh quy định chính sách thu hút nguồn nhân lực chất lượng cao của tỉnh Đắk Lắk,Năm 2026,Trịnh Thị Huỳnh Hân,Đang thực hiện,,"- Ngày 12/6/2026 Đảng ủy UBND tỉnh đã ban hành Tờ trình số 450-TTr/ĐU về dự thảo Nghị quyết quy định chính sách thu hút nguồn nhân lực chất lượng cao của tỉnh Đắk Lắk. Tuy nhiên, Ban Thường vụ Tỉnh ủy có ý kiến để chính sách được toàn diện cần bổ sung thêm chính sách sử dụng, đào tạo nhân lực chất lượng cao (tại Kết luận số 306-KL/TU ngày 24/6/2026 của Ban Thường vụ Tỉnh ủy).
 - Hiện nay, Sở Nội vụ đang xây dựng bổ sung, hoàn thiện theo quy trình quy định.",
18,CC,"Về tham mưu các chính sách đào tạo, bồi dưỡng và phát triển nguồn nhân lực chất lượng cao, đáp ứng nhu cầu phát triển của các ngành, lĩnh vực và yêu cầu chuyển dịch cơ cấu kinh tế của tỉnh (tại KH 70/SNV-KH)",Nghị quyết của HĐND tỉnh hoặc Quyết định của UBND tỉnh,Năm 2026,Trịnh Thị Huỳnh Hân,Đang thực hiện,,"- Hiện nay, Đảng ủy UBND tỉnh đang trình Ban Thường vụ Tỉnh ủy tại Công văn số 1732-CV/ĐU ngày 27/3/2026 về việc chương trình hành động của Tỉnh ủy về đào tạo, nâng cao chất lượng nguồn nhân lực gắn với định hướng phát triển các ngành mũi nhọn của tỉnh giai đoạn 2026-2030.
 - Bên cạnh đó, Sở Nội vụ đang triển khai tổ chức các lớp đào tạo, bồi dưỡng theo Kế hoạch số 298/QĐ-UBND ngày 22/01/2026 của UBND tỉnh về việc ban hành Kế hoạch đào tạo, bồi dưỡng cán bộ, công chức, viên chức của tỉnh Đắk Lắk năm 2026.
 - Sở Nội vụ đang xây dựng Nghị quyết của HĐND tỉnh quy định thu hút, hỗ trợ đào tạo phát triển nguồn nhân lực chất lượng cao của tỉnh Đắk Lắk.",
19,TC,"Chủ trì, nghiên cứu, rà soát
  tính phù hợp của các mô hình Ban Quản lý dự án, báo cáo UBND tỉnh xem xét, quyết định sắp xếp Ban Quản lý đầu tư xây dựng và chuyển giao chức năng quản lý, điều hành, thực hiện dự án cho cấp xã, phường đảm bảo phù hợp với tình hình, yêu cầu nhiệm vụ trong tình hình hiện nay.
  (CV 6493/UBND-TH)","Kế hoạch, Đề án, Quyết định vvv",Năm 2026,Đặng Xuân Hiệp,Đang thực hiện,,"Ngày 27/5/2026, UBND tỉnh ban hành Công văn số 7425/UBND-NV v/v triển khai việc sắp xếp, thành lập Ban Quản lý dự án đầu tư xây dựng cấp tỉnh cấp xã. 
 - Ngày 28/5/2026 Sở Nội vụ đã ban hành công văn số 3076/SNV-TCBC v/v hướng dẫn trình tự, thủ tục, hồ sơ thành lập BQLDA đầu tư xây dựng cấp xã tại 08 xã, phường và bổ sung chức năng nhiệm vụ vào trung tâm cung unwgs dịch vụ sự nghiệp công tại 94 xã, phường.
  -Ngày 05/8/2026 Sở Nội vụ đã ban hành công văn số 5043/SNV-TCBC v/v đề nghị rà soát, đánh giá hoạt động và đề xuất phương án sắp xếp các BQLDA đầu tư xây dựng cấp tỉnh",
20,CC,"Nghị quyết HĐND tỉnh quy định về chính sách thu hút nhân lực về khoa học, công nghệ, đổi mới sáng tạo và chuyển đổi số. (Trong quá trình xây dựng có thể điều chỉnh tên cho phù hợp quy định)",Nghị quyết của HĐND tỉnh,Quý I/2026,Trịnh Thị Huỳnh Hân,Phòng CCVC,,"Đã trình UBND tại Tờ trình số 608/TTr-SNv ngày 09/6/2026, tuy nhiên, Ban Thường vụ Tỉnh ủy có ý kiến để chính sách được toàn diện cần bổ sung thêm chính sách sử dụng, đào tạo nhân lực chất lượng cao (tại Kết luận số 306-KL/TU ngày 24/6/2026 của Ban Thường vụ Tỉnh ủy). 
 Sở Nội vụ đã hoàn thiện, dự kiến trình UBND tỉnh trong ngày 15/9/2026",
21,CC,Xây dựng Đề án thu hút và trọng dụng nhân tài,Nghị quyết của HĐND tỉnh,Quý I/2026,Trịnh Thị Huỳnh Hân,Đang phối hợp với BTC Tỉnh ủy,,"Chương trình hành động số 02-CTr/TU ngày 30/5/2025 của Tỉnh ủy thực hiện Nghị quyết đại hội Đảng bộ tỉnh lần thứ nhất, nhiệm kỳ 2025- 2030; Tại Phụ lục số 2, nhiệm vụ số 11 ban hành kèm theo Chương trình hành động đã phân công Ban Tổ chức Tỉnh ủy là cơ quan chủ trì xây dựng “Đề án thu hút và trọng dụng nhân tài, nhất là những ngành, lĩnh vực mũi nhọn phục vụ cho phát triển nhanh,bền vững của tỉnh.”",
22,CC,"Xây dựng danh mục các ngành, lĩnh vực chiến lược, trọng điểm, quan trọng của tỉnh cần ưu tiên thu hút, phát triển nguồn nhân lực chất lượng cao",Quyết định của UBND tỉnh,Quý I/2026,Trịnh Thị Huỳnh Hân,Đang thực hiện,,"Sở đã có Báo cáo số 239/BC-SNV ngày 03/6/2026 đề xuất danh mục các ngành, nghề thuộc lĩnh vực chiến lược, trọng điểm trên địa bàn tỉnh Đắk Lắk giai đoạn 2026 – 2030, định hướng đến năm 2045.",
23,VP,"Quán triệt phương châm làm việc do đồng chí Tổng Bí thư Tô Lâm đã chỉ đạo, đó là “Hành động đột phá và lan tỏa kết quả”. Từng người đứng đầu phải xác định rõ những nhiệm vụ của cơ quan đơn vị mình, đề cao kỷ luật hành động, tổ chức thực hiện thật tốt để tạo kết quả đầu ra",Văn bản,Thường xuyên,,Hoàn thành,,,
24,VP,"Theo phạm vi quản lý kịp thời tiếp nhận, phản hồi ý kiến của tổ chức, cá nhân (người dân, doanh nghiệp, viện, trường, nhà khoa học, nhà sáng tạo…) để đo lường mức độ hài lòng đối với cơ chế, chính sách, giải pháp (thông qua Hệ thống pakn.nq57.vn và các kênh có liên quan)",Tiếp nhận và Xử lý kịp thời các PAKN,Thường xuyên,Nguyễn Thành Long,Hoàn thành,,,
25,VP,"Xây dựng Kế hoạch thực hiện Nghị quyết 57-NQ/TW năm 2026 của cơ quan, địa phương mình; bám sát thực tiễn, rõ người, rõ việc, rõ trách nhiệm, rõ thời hạn, rõ kết quả",Kế hoạch,,Nguyễn Thành Long,Hoàn thành,,,
26,TC,"Nghiên cứu tham mưu triển khai các giải pháp cải tiến, đổi mới liên tục, nâng cao hiệu quả hoạt động của hệ thống chính trị tỉnh; việc triển khai hoạt động sáng kiến đi vào thực chất, tránh hình thức, thúc đẩy tinh thần tự cải tiến, đổi mới thường xuyên trong từng cơ quan, đơn vị và từ chính mỗi cán bộ, công chức. Báo cáo Ban Chỉ đạo trong quý I/2026.",Kế hoạch/Đề án,"Quý I 
 năm 2026",Đặng Xuân Hiệp,Hoàn thành,,,
27,CC,"Ban hành hướng dẫn các cơ quan, đơn vị, địa phương triển khai thực hiện quy định về mức hỗ trợ đối với người làm công tác chuyên trách về chuyển đổi số, an toàn thông tin mạng, an ninh mạng được quy định tại Nghị định số 179/2025/NĐ-CP ngày 01/7/2025 của Chính phủ…","Văn bản, Quyết định",Hoàn thành trong tháng 9/2026,Trịnh Thị Huỳnh Hân,Đang thực hiện,,"Sở Nội vụ đã ban hành hướng dẫn theo Công văn số 1533/SNV-CCVC ngày 26/32026; Ngày 28/8/2026, Sở Nội vụ đã nhận được Công văn số 4313/SKHCN-CĐS về việc tổng hợp danh sách cán bộ, công chức, viên chức chyên trách chuyển đổi số, an toàn thông tin mạng, an ninh mạng đủ điều kiện hưởng hỗ trợ theo Nghị định 179/2025-NĐ-CP đợt 01 năm 2026; hiện nay, Sở Nội vụ đang thẩm định danh sách, hồ sở đủ điều kiện trình UBND tỉnh phê duyệt. (Đang thực hiện)",
28,VP,"Chủ động rà soát bố trí kinh phí để nâng cấp, thay thế hoặc bổ sung trang thiết bị công nghệ thông tin đã xuống cấp",Các trang thiết bị công nghệ thông tin đáp ứng yêu cầu thực hiện nhiệm vụ kịp thời,Hoàn thành trong tháng 9/2026,Nguyễn Thành Long,Đang thực hiện,,Đang thực hiện,
29,VP,Chủ động rà soát khắc phục triệt để tình trạng còn lỗi của các hệ thống thông tin,"Các hệ thống thông tin đảm bảo thông suốt, phục vụ kịp thời",Trong quý II năm 2026,Nguyễn Thành Long,Đang thực hiện,,Đang thực hiện,
30,VP,Tỷ lệ hồ sơ trực tuyến toàn trình đạt tối thiểu 70%,Tỷ lệ hồ sơ trực tuyến toàn trình đạt tối thiểu 70%,Thường xuyên,Nguyễn Thành Long,Đang thực hiện,,"Ngày Báo cáo 12/8/2026, Sở Nội vụ đã có Báo cáo số 412/BC-SNV về báo cáo Kết quả rà soát, đánh giá thực hiện chỉ tiêu tỷ lệ hồ sơ trực tuyến toàn trình (Đang thực hiện)",
31,LS,"Khẩn trương xây dựng và đưa vào vận hành nền tảng hoặc hệ thống thông tin phục vụ số hoá, tạo lập, cập nhật, kết nối, chia sẻ dữ liệu trong xây dựng các CSDL được giao nhưng chưa hoàn thành",Sở Nội vụ (Trung tâm LTLS),Trong năm 2026,Đặng Thị Nhung,Đang thực hiện,,Đang thực hiện,
32,VP,"Số hóa 100% hồ sơ, kết quả giải quyết thủ tục hành chính để làm giàu dữ liệu, khai thác tái sử dụng dữ liệu để cắt giảm, đơn giản hóa thủ tục hành chính","Số hóa 100 hồ sơ, kết quả giải quyết TTHC",Trong năm 2026,Nguyễn Thành Long,Đã hoàn thành,,Hoàn thành,
33,VP,"Tăng cường việc gửi nhận văn bản và xử lý hồ sơ cấp độ Mật, Tối Mật qua Mạng thông tin diện rộng của cơ quan Đảng với phạm vi mở rộng theo hướng thống nhất, dùng chung cho các cơ quan trong toàn hệ thống chính trị","Triển khai việc gửi nhận văn bản mật qua Hệ thống phát hành và nhận văn bản mật của Tỉnh ủy, Chính phủ",Trong năm 2026,Nguyễn Thành Long,Đang thực hiện,,Đang thực hiện,
34,VP,"Triển khai tạo lập và xử lý hồ sơ, tài liệu công việc phát sinh mới thực hiện trên môi trường điện tử.
 100% các đơn vị gửi nhận văn bản trên môi trường điện tử có ký số. 
 Hoàn thành số hoá 100% tài liệu lưu trữ trong 3 năm gần đây.
 Số hóa 100% các quy trình nghiệp vụ nền tảng (lõi) của các cơ quan, đơn vị để đưa lên môi trường số.","100% hồ sơ, bản điện tử phát hành trên Hệ thống quản lý văn bản và điều hành (trừ Văn bản mật theo quy định)",Trong năm 2026,Nguyễn Thành Long,Đã hoàn thành,,Hoàn thành,
35,VP,"Xây dựng dữ liệu là nhiệm vụ trọng tâm về chuyển đổi số trong năm 2026. Đề nghị các ngành (nhất là các ngành giáo dục, y tế, nông nghiệp, môi trường...) xây dựng kế hoạch cụ thể để xây dựng dữ liệu và triển khai ngay trong năm 2026, báo cáo Ban Chỉ đạo trước ngày 28/02/2026",Kế hoạch/ 100% dữ liệu ngành Nội vụ được triển khai ứng dụng,Trong năm 2026,Trưởng các đơn vị,Đang thực hiện,,Đang thực hiện,
36,VP,"Khẩn trương rà soát các hệ thống thông tin, phần mềm, ứng dụng thuộc phạm vi quản lý bảo đảm giải quyết dứt điểm những vấn đề tồn tại, vướng mắc để thông suốt, đáp ứng yêu cầu người dùng","Các hệ thống thông tin đảm bảo thông suốt, phục vụ kịp thời",Trước ngày 28/02/2026,Nguyễn Thành Long,Đang thực hiện,,Đang thực hiện,
37,VP,"Thực hiện việc số hóa, cập nhật đầy đủ, kịp thời, chính xác dữ liệu hồ sơ, kết quả giải quyết thủ tục hành chính theo quy định","100% hồ sơ, kết quả giải quyết TTHC được số hóa",Thường xuyên,Nguyễn Thành Long,Đang thực hiện,,Hoàn thành,
38,CC,"Chủ trì, phối hợp với các cơ quan, đơn vị căn cứ kết quả thực hiện các nhiệm vụ để tham mưu UBND tỉnh đánh giá, xếp loại chất lượng đối với các tập thể, cá nhân cá nhân dựa trên kết quả thực hiện các nhiệm vụ về phát triển khoa học và công nghệ, đổi mới sáng tạo và chuyển đổi số và Kế hoạch 09-KH/BCĐ ngày 16/7/2026 của Ban Chỉ đạo.",Kế hoạch/Quyết định/văn bản,9/30/2026,Trịnh Thị Huỳnh Hân,Đã hoàn thành,,"Sở Nội vụ đã tham mưu UBND tỉnh ban hành Kế hoạch số 360/KH-UBND ngày 17/08/2026 về Kế hoạch triển khai thực hiện đánh giá kết quả thực hiện nhiệm vụ của các cơ quan hành chính nhà nước và chức danh lãnh đạo, quản lý thuộc UBND tỉnh Đắk Lắk (Đã hoàn thành)",
39,CC,"Chủ trì, rà soát, tham mưu UBND tỉnh trình HĐND tỉnh thông qua Nghị quyết chính sách đặc thù thu hút, tuyển dụng, đãi ngộ và trọng dụng nhân lực chuyển đổi số làm việc tại các cơ quan Nhà nước, đảm bảo đủ về số lượng, chất lượng, phù hợp theo đặc thù của tỉnh.",Nghị quyết của HĐND tỉnh,Khi có yêu cầu,Trịnh Thị Huỳnh Hân,Đang thực hiện,,"(Nhiệm vụ được giao Theo Kế hoạch 51-KH/UBND) Ngày 21/8/2026, Sở Nội vụ ban hành Công văn số 5498/SNV-CCVC gửi Sở Tư pháp về việc đề nghị thẩm định dự thảo Nghị quyết quy định chính sách
 thu hút, hỗ trợ đào tạo phát triển nguồn nhân lực chất lượng cao của tỉnh Đắk Lắk (Dự thảo 2) - Đang thực hiện",
40,CC,"Chủ trì, theo hướng dẫn của cấp trên, triển khai hoàn thiện CSDL cán bộ, công chức, viên chức “đúng, đủ, sạch, sống, thống nhất, dùng chung”, phối hợp với các cơ quan, đơn vị thực hiện kết nối thông suốt với CSDL đảng viên.","100% Dữ liệu CBCCVC trên địa bàn tỉnh đảm bảo ""đủ, sạch, sống, thống nhất dùng chung""",Thời gian dự kiến trình thông qua HĐND tại Kỳ họp thường lệ giữa năm 2026.,Trịnh Thị Huỳnh Hân,Đang thực hiện,,"Sở Nội vụ đã tham mưu UBND tỉnh ban hành Kế hoạch số 365/KH-UBND ngày 21/08/2026 Triển khai Chiến dịch 20 ngày “Làm đúng - Làm đủ - Làm sạch
 - Làm sống dữ liệu” trên Hệ thống phần mềm quản lý cán bộ,
 công chức, viên chức tỉnh Đắk Lắk (Đang thực hiện)",
41,CC,"Chủ trì, phối hợp với các cơ quan, đơn vị có liên quan tham mưu UBND tỉnh ban hành Quy định trách nhiệm người đứng đầu cơ quan, đơn vị Nhà nước về thực hiện cải cách hành chính trên địa bàn tỉnh (thay thế Quyết định số 40/2020/QĐ-UBND ngày 18/12/2020).",Quyết định hoặc Nghị quyết,11/30/2026,Nguyễn Thị Ánh Mỹ,Đang thực hiện,,"Sở Nội vụ ban hành Công văn số 5849/SNV-CCHCVVTLT - 04/09/2026] V/v lấy ý kiến góp ý và phản biện xã hội đối với dự thảo Quyết định ban hành Quy định trách nhiệm người đứng đầu cơ quan, đơn vị, địa phương trong thực hiện cải cách hành chính nhà nước, phát triển khoa học, công nghệ, đổi mới sáng tạo và chuyển đổi số trên địa bàn tỉnh Đắk Lắk. Hiện nay đang tổng hợp ý kiến gửi Sở Tư pháp thẩm định.",
42,CC,"Chủ trì, phối hợp với các cơ quan, đơn vị có liên quan tham mưu UBND tỉnh bãi bỏ hoặc ban hành mới Quyết định thay thế Quyết định số 03/2022/QĐ-UBND ngày 31/01/2022 của UBND tỉnh Phú Yên (cũ) về việc ban hành Quy chế làm việc môi trường điện tử đối với các cơ quan Nhà nước của tỉnh Phú Yên.",Quyết định hoặc Nghị quyết,10/30/2026,Nguyễn Thị Ánh Mỹ,Đang thực hiện,,"- Ngày 21/8/2026, Sở Nội vụ đã có Công văn số 5488/SNV-CCHC&VTLT về việc đề xuất bãi bỏ các văn bản quy phạm pháp luật về các quy chế văn hóa công sở và làm việc trên môi trường điện tử;
 - UBND tỉnh đang lấy ý kiến bãi bỏ tại Công văn số 2727/VPUBND-NC - 04/09/2026",
43,KT,"Phối hợp với các cơ quan, đơn vị chủ trì hoàn thiện các CSDL có liên quan trong 12 CSDL theo Kế hoạch số 02-KH/BCĐTW và 104 CSDL theo Nghị quyết số 11/NQ-CР, đảm bảo theo thời gian yêu cầu của cấp có thẩm quyền; phối hợp với các cơ quan, đơn vị chủ trì để triển khai thực hiện kịp thời các nhiệm vụ, hoàn thành đúng tiến độ và đảm bảo chất lượng, hiệu quả của sản phẩm đầu ra",Các CSDL Ngành Nội vụ được triển khai thực hiện,10/30/2026,Trưởng các đơn vị,Đang thực hiện,,Đang thực hiện,
44,VP,"Chủ trì, phối hợp với các đơn vị có liên quan số hóa hồ sơ, kết quả thủ tục hành chính (TTHC): Đẩy mạnh tỷ lệ số hóa hồ sơ thuộc thẩm quyền giải quyết của Sở Nội vụ, đảm bảo người dân không phải cung cấp lại thông tin đã có trong CSDL dân cư.","100% hồ sơ, kết quả giải quyết TTHC được số hóa và tái sử dụng",Khi có yêu cầu,Nguyễn Thành Long,Đang thực hiện,,Đang thực hiện,
45,VP,"Chủ trì, phối hợp với các đơn vị có liên quan nâng cao hiệu quả Dịch vụ công trực tuyến: Rà soát, tái cấu trúc quy trình các TTHC ngành Nội vụ để tăng tỷ lệ hồ sơ trực tuyến toàn trình và giảm thời gian xử lý.","Tái cấu trúc quy trình TTHC, cắt giảm các bước, khâu không cần thiết, cắt giảm thời gian sử dụng, 100% TTHC đủ điều kiện được triển khai toàn trình",9/30/2026,Nguyễn Thành Long,Đang thực hiện,,"Báo cáo 416/BC-SNV ngày 14/08/2026 về Kết quả rà soát việc tái cấu trúc quy trình, cắt giảm, đơn giản hóa thủ tục hành chính dựa trên dữ liệu",
46,VP,"Chủ trì, phối hợp với các đơn vị có liên quan tái cấu trúc quy trình các TTHC được lựa chọn theo hướng đơn giản hoá thành phần hồ sơ, giảm thao tác trên môi trường số bảo đảm người dân, doanh nghiệp không phải cung cấp lại dữ liệu đã có trong CSDL của cơ quan nhà nước, triển khai thực hiện và đánh giá kết quả, hiệu quå triển khai.","Tái cấu trúc quy trình TTHC, cắt giảm các bước, khâu không cần thiết, cắt giảm thời gian sử dụng, 100% TTHC đủ điều kiện được triển khai toàn trình",11/30/2026,Nguyễn Thành Long,Đang thực hiện,,"Báo cáo 416/BC-SNV ngày 14/08/2026 về Kết quả rà soát việc tái cấu trúc quy trình, cắt giảm, đơn giản hóa thủ tục hành chính dựa trên dữ liệu",
47,VP,"Phối hợp với các cơ quan, đơn vị tham mưu UBND tỉnh tái cấu trúc các quy trình giải quyết TTHC có liên quan đến lĩnh vực Nội vụ trong 80 TTHC còn lại tại Nghị quyết số 66.7/2025/NQ-CP của Chính phủ sửa đổi quy định, quy trình nội bộ và biếu mẫu trên cơ sở dữ liệu đã có.","Tái cấu trúc quy trình TTHC, cắt giảm các bước, khâu không cần thiết, cắt giảm thời gian sử dụng, 100% TTHC đủ điều kiện được triển khai toàn trình",11/30/2026,Nguyễn Thành Long,Đang thực hiện,,"Báo cáo 416/BC-SNV ngày 14/08/2026 về Kết quả rà soát việc tái cấu trúc quy trình, cắt giảm, đơn giản hóa thủ tục hành chính dựa trên dữ liệu",
48,VP,"Chủ trì, phối hợp với các đơn vị có liên quan đảm bảo 100% hệ thống quan trọng có giám sát 24/7, báo cáo tóm tắt kết quả kiểm tra định kỳ tài khoản và phân quyền; Hoàn thành kết nối chia sẻ thông tin giám sát an ninh mạng với Trung tâm An ninh mạng quốc gia tối thiểu từ cấp độ 3 trở lên. 100% hệ thống thông tin được phê duyệt hồ sơ cấp độ.",100% hệ thống quan trọng có giám sát 24/7; 100% hệ thống thông tin được phê duyệt hồ sơ cấp độ.,11/30/2026,Nguyễn Thành Long,Đang thực hiện,,Đang thực hiện,
49,VP,"Chủ trì, phối hợp với các đơn vị cử công chức, viên chức tham mưu, cán bộ chuyên trách, cán bộ vận hành hệ thống và cán bộ trực tiếp giải quyết thủ tục hành chính tham gia đào tạo về dữ liệu, an ninh mạng, trí tuệ nhân tạo cho do Bộ Công an, Ban Tuyên giáo và Dân vận Trung ương tổ chức trên Nền tảng Bình dân học vụ số; có kiểm tra kết quả đầu ra (khi có yêu cầu).","cử công chức, viên chức tham mưu, cán bộ chuyên trách, cán bộ vận hành hệ thống và cán bộ trực tiếp giải quyết thủ tục hành chính tham gia đào tạo về dữ liệu, an ninh mạng, trí tuệ nhân tạo cho do Bộ Công an, Ban Tuyên giáo và Dân vận Trung ương tổ chức trên Nền tảng Bình dân học vụ số; có kiểm tra kết quả đầu ra (khi có yêu cầu).",11/30/2026,Nguyễn Thành Long,Đang thực hiện,,Đang thực hiện,
50,VP,"Chủ trì, phối hợp với các đơn vị thuộc và trực thuộc đẩy mạnh tiến độ triến khai, giải ngân các dự án khoa học, công nghệ, đổi mới sáng tạo, chuyển đổi số; rà soát, xác định rõ lộ trình theo từng tháng, từng đầu việc gắn với trách nhiệm của người đứng đầu. Chủ động nhận diện khó khăn, vướng mắc để tháo gỡ kịp thời; khẩn trương xây dựng kịch bản giải ngân bảo đảm đạt tỷ lệ đề ra; kiên quyết xem xét, xử lý trách nhiệm đối với các tập thể, cá nhân thiếu quyết liệt, để xảy ra chậm trễ.","triến khai, giải ngân các dự án khoa học, công nghệ, đổi mới sáng tạo, chuyển đổi số; rà soát, xác định rõ lộ trình theo từng tháng, từng đầu việc gắn với trách nhiệm của người đứng đầu.",30/10/2026 (khi có yêu cầu),Nguyễn Thành Long,Đang thực hiện,,Đang thực hiện,
51,VP,"Phối hợp với các cơ quan chủ quản nền tảng số dùng chung quốc gia rà soát hiện trạng, xây dựng hoặc điều chỉnh kế hoạch triến khai các nền tảng số dùng chung quốc gia theo Quyết định số 1132/QĐ-TTg ngày 24/6/2026; tổ chức triển khai theo lộ trình được phê duyệt, bảo đảm các nền tăng được đưa vào sử dụng thực chất, lấy người sử dụng làm trung tâm; kết nối với công cụ đánh giá mức độ sử dụng và thu thập phản hồi.","bảo đảm các nền tăng được đưa vào sử dụng thực chất, lấy người sử dụng làm trung tâm; kết nối với công cụ đánh giá mức độ sử dụng và thu thập phản hồi.",Theo lộ trình,Nguyễn Thành Long,Đang thực hiện,,Đang thực hiện,
52,VP,"Chủ trì, phối hợp với các đơn vị có liên quan thực hiện báo cáo định kỳ trên hệ thống theo dõi Nghị quyết đảm bảo đầy đủ, trung thực, phản ánh đúng tiến độ, sản phẩm, kết quả và các khó khăn, vướng mắc; không chỉ nêu tỉ lệ hoàn thành mà thiếu sản phẩm, số liệu và minh chứng kiểm chứng được. Trường hợp báo cáo không chính xác, người phê đuyệt báo cáo và cơ qụan báo cáo phải kiểm điểm, làm rõ trách nhiệm.","báo cáo định kỳ trên hệ thống theo dõi Nghị quyết đảm bảo đầy đủ, trung thực, phản ánh đúng tiến độ, sản phẩm, kết quả và các khó khăn, vướng mắc; không chỉ nêu tỉ lệ hoàn thành mà thiếu sản phẩm, số liệu và minh chứng kiểm chứng được. T",Định kỳ và Khi có yêu cầu,Nguyễn Thành Long,,,Đang thực hiện,
53,KT,"Chỉ thị phát động thi đua thực hiện nhiệm vụ phát triển kinh tế - xã hội, đảm bảo quốc phòng - an ninh và xây dựng hệ thống chính trị năm 2027","Chỉ thị phát động thi đua thực hiện nhiệm vụ phát triển kinh tế - xã hội, đảm bảo quốc phòng - an ninh và xây dựng hệ thống chính trị năm 2027",Tháng 12/2026,Trần Công Lộc,Đang thực hiện,,Đang thực hiện,
54,TC,"Chủ trì, phối hợp với các cơ quan, địa phương liên quan tham mưu xây dựng dự thảo báo cáo của Ủy ban nhân dân tỉnh phục vụ công tác giám sát của Đoàn giám sát HĐND tỉnh về sắp xếp tổ chức bộ máy, thực hiện chế độ chính sách và trụ sở làm việc phục vụ sắp xếp đơn vị hành chính","Chủ trì, phối hợp với các cơ quan, địa phương liên quan tham mưu xây dựng dự thảo báo cáo của Ủy ban nhân dân tỉnh phục vụ công tác giám sát của Đoàn giám sát HĐND tỉnh về sắp xếp tổ chức bộ máy, thực hiện chế độ chính sách và trụ sở làm việc phục vụ sắp xếp đơn vị hành chính",ngày 17/9/2026,Đặng Xuân Hiệp,Đang thực hiện,,Đang thực hiện,
55,CQ,"Chủ tịch UBND tỉnh giao Sở Nội vụ chủ trì, phối hợp rà soát, giải quyết đơn kiến nghị của bà Cao Thị Lưu Biểu và bà H Doan Niê liên quan đến chính sách tinh giản biên chế; trả lời công dân và báo cáo kết quả về UBND tỉnh","Chủ tịch UBND tỉnh giao Sở Nội vụ chủ trì, phối hợp rà soát, giải quyết đơn kiến nghị của bà Cao Thị Lưu Biểu và bà H Doan Niê liên quan đến chính sách tinh giản biên chế; trả lời công dân và báo cáo kết quả về UBND tỉnh",ngày 20/9/2026,Lê Xuân Chiến,Đang thực hiện,,Đang thực hiện,
56,VL,"Chủ trì, phối hợp các đơn vị liên quan góp ý dự thảo Nghị định sửa đổi, bổ sung Nghị định số 352/2025/NĐ-CP và dự thảo Nghị định thay thế Nghị định số 24/2018/NĐ-CP","Chủ trì, phối hợp các đơn vị liên quan góp ý dự thảo Nghị định sửa đổi, bổ sung Nghị định số 352/2025/NĐ-CP và dự thảo Nghị định thay thế Nghị định số 24/2018/NĐ-CP",ngày 20/9/2026,Hồ Kim Phát,Đang thực hiện,,Đang thực hiện,
57,CC,"Chủ trì rà soát kết quả kiểm điểm, xem xét, xử lý trách nhiệm đối với các tổ chức, cá nhân có liên quan thuộc phạm vi quản lý đối với Dự án Khu du lịch liên hợp cao cấp New City Việt Nam","Chủ trì rà soát kết quả kiểm điểm, xem xét, xử lý trách nhiệm đối với các tổ chức, cá nhân có liên quan thuộc phạm vi quản lý đối với Dự án Khu du lịch liên hợp cao cấp New City Việt Nam",ngày 25/9/2026,Trịnh Thị Huỳnh Hân,Đang thực hiện,,Đang thực hiện,
58,VP,"Ủy ban nhân dân tỉnh giao Sở Nội vụ chủ trì, phối hợp với các cơ quan, đơn vị liên quan rà soát tham mưu Ủy ban nhân dân tỉnh xem xét giải quyết, trả lời các nội dung kiến nghị của cử tri sau kỳ họp thứ Hai, Hội đồng nhân dân tỉnh khóa XI liên quan đến ngành nội vụ","Ủy ban nhân dân tỉnh giao Sở Nội vụ chủ trì, phối hợp với các cơ quan, đơn vị liên quan rà soát tham mưu Ủy ban nhân dân tỉnh xem xét giải quyết, trả lời các nội dung kiến nghị của cử tri sau kỳ họp thứ Hai, Hội đồng nhân dân tỉnh khóa XI liên quan đến ngành nội vụ",ngày 30/9/2026,Nguyễn Thành Long,Đang thực hiện,,Đang thực hiện,
59,CC,"Giao Sở Nội vụ phối hợp với Sở Giáo dục và Đào tạo, UBND cấp xã tham mưu thực hiện nội dung thuộc thẩm quyền về tổ chức bộ máy, quản lý viên chức, vị trí việc làm và chính sách đối với viên chức lãnh đạo, quản lý và nhân sự hỗ trợ giáo dục chịu tác động của sắp xếp cơ sở giáo dục công lập","Giao Sở Nội vụ phối hợp với Sở Giáo dục và Đào tạo, UBND cấp xã tham mưu thực hiện nội dung thuộc thẩm quyền về tổ chức bộ máy, quản lý viên chức, vị trí việc làm và chính sách đối với viên chức lãnh đạo, quản lý và nhân sự hỗ trợ giáo dục chịu tác động của sắp xếp cơ sở giáo dục công lập",ngày 30/9/2026,Trịnh Thị Huỳnh Hân,Đang thực hiện,,Đang thực hiện,
60,VL,"Giao Sở Nội vụ chủ trì, phối hợp với Sở Y tế, Sở Tài chính, Bảo hiểm xã hội tỉnh Đắk Lắk, các cơ quan, đơn vị có liên quan căn cứ nội dung tại Công văn của Đoàn Giám sát Ủy ban Thường vụ Quốc hội, nghiên cứu, xây dựng báo cáo theo Đề cương; cung cấp đầy đủ thông tin tài liệu theo yêu cầu của Đoàn giám sát, tham mưu Ủy ban nhân dân tỉnh báo cáo Đoàn giám sát qua Thường trực Ủy ban Văn hóa và Xã hội của Quốc hội","Giao Sở Nội vụ chủ trì, phối hợp với Sở Y tế, Sở Tài chính, Bảo hiểm xã hội tỉnh Đắk Lắk, các cơ quan, đơn vị có liên quan căn cứ nội dung tại Công văn của Đoàn Giám sát Ủy ban Thường vụ Quốc hội, nghiên cứu, xây dựng báo cáo theo Đề cương; cung cấp đầy đủ thông tin tài liệu theo yêu cầu của Đoàn giám sát, tham mưu Ủy ban nhân dân tỉnh báo cáo Đoàn giám sát qua Thường trực Ủy ban Văn hóa và Xã hội của Quốc hội",ngày 15/01/2027,Hồ Kim Phát,Đang thực hiện,,Đang thực hiện,
61,VL,"Giao Sở Nội vụ chủ trì, phối hợp với Sở Y tế, Sở Tài chính và Bảo hiểm xã hội tỉnh xây dựng báo cáo kết quả thực hiện chính sách, pháp luật về bảo hiểm xã hội giai đoạn 2021-2026 phục vụ chuyên đề giám sát của Ủy ban Thường vụ Quốc hội.","Giao Sở Nội vụ chủ trì, phối hợp với Sở Y tế, Sở Tài chính và Bảo hiểm xã hội tỉnh xây dựng báo cáo kết quả thực hiện chính sách, pháp luật về bảo hiểm xã hội giai đoạn 2021-2026 phục vụ chuyên đề giám sát của Ủy ban Thường vụ Quốc hội.",ngày 15/01/2027,Hồ Kim Phát,Đang thực hiện,,Đang thực hiện,
62,CC,"Chủ trì, phối hợp với các cơ quan, đơn vị, địa phương liên quan xem xét, trả lời thư hỏi của công dân H Vinh Pang Pế về thời gian nâng bậc lương và thông báo kết quả giải quyết về UBND tỉnh","Chủ trì, phối hợp với các cơ quan, đơn vị, địa phương liên quan xem xét, trả lời thư hỏi của công dân H Vinh Pang Pế về thời gian nâng bậc lương và thông báo kết quả giải quyết về UBND tỉnh",trong tháng 9/2026,Trịnh Thị Huỳnh Hân,Đang thực hiện,,Đang thực hiện,
63,VP,"Rà soát, cập nhật, hoàn thiện kết quả tổng rà soát hệ thống văn bản quy phạm pháp luật thuộc phạm vi, trách nhiệm quản lý; cập nhật dữ liệu trên Phần mềm và gửi báo cáo về Sở Tư pháp","Rà soát, cập nhật, hoàn thiện kết quả tổng rà soát hệ thống văn bản quy phạm pháp luật thuộc phạm vi, trách nhiệm quản lý; cập nhật dữ liệu trên Phần mềm và gửi báo cáo về Sở Tư pháp",ngày 22/9/2026,Nguyễn Thành Long,Đang thực hiện,,Đang thực hiện,
64,NCC,"Chủ trì, phối hợp với UBND xã Dray Bhăng và các cơ quan liên quan rà soát, bổ sung căn cứ pháp lý hồ sơ đề nghị công nhận liệt sĩ đối với ông Lê Phước Toàn; đối chiếu tài liệu Tòa án nhân dân tỉnh; tham mưu, báo cáo UBND tỉnh","Chủ trì, phối hợp với UBND xã Dray Bhăng và các cơ quan liên quan rà soát, bổ sung căn cứ pháp lý hồ sơ đề nghị công nhận liệt sĩ đối với ông Lê Phước Toàn; đối chiếu tài liệu Tòa án nhân dân tỉnh; tham mưu, báo cáo UBND tỉnh",ngày 15/10/2026,Lê Ngọc Anh,Đang thực hiện,,Đang thực hiện,
65,,Tham mưu Dự án Cải tạo Nghĩa trang Liệt sĩ,"Chủ trì, phối hợp với các cơ quan, đơn vị tham mưu Dự án Cải tạo NTLS",30/11/2026,Bùi Thị Lâm,Đang thực hiện,,,